Temp_120C,Time_120C,Modulus_120C,Temp_130C,Time_130C,Modulus_130C,Temp_140C,Time_140C,Modulus_140C,Temp_150C,Time_150C,Modulus_150C
120,0.01,95.41786493170594,130,0.01,94.85918312079022,140,0.01,94.69770956052763,150,0.01,94.69601850792156
120,0.010718913192051276,95.41848605703073,130,0.010718913192051276,94.36898074568111,140,0.010718913192051276,95.66730947553884,150,0.010718913192051276,94.55747053909516
120,0.011489510001873092,94.95981539086337,130,0.011489510001873092,95.61331556251818,140,0.011489510001873092,93.94828539214947,150,0.011489510001873092,95.18584905804919
120,0.012315506032928256,94.89279585128646,130,0.012315506032928256,95.43858717271561,140,0.012315506032928256,96.06182842335824,150,0.012315506032928256,95.67157609429505
120,0.01320088400831418,94.69120938891587,130,0.01320088400831418,95.81149869204883,140,0.01320088400831418,94.29335810800637,150,0.01320088400831418,94.99131226720098
120,0.01414991297434576,94.8274686455631,130,0.01414991297434576,94.29010732366508,140,0.01414991297434576,94.6962119932306,150,0.01414991297434576,95.95468197348603
120,0.015167168884709226,94.61709941651338,130,0.015167168884709226,94.94100202335498,140,0.015167168884709226,95.32146765495668,150,0.015167168884709226,95.00301951164674
120,0.01625755666443794,94.97087726329923,130,0.01625755666443794,94.52525591787274,140,0.01625755666443794,95.58393510119924,150,0.01625755666443794,94.95548575522157
120,0.0174263338600965,94.41850212732777,130,0.0174263338600965,95.50876461825428,140,0.0174263338600965,95.4949012508332,150,0.0174263338600965,95.06047206802666
120,0.01867913599020783,94.70774268175103,130,0.01867913599020783,95.0898983270547,140,0.01867913599020783,95.40162130552184,150,0.01867913599020783,96.15748643673214
120,0.020022003718155844,94.5223633642096,130,0.020022003718155844,95.55533965797002,140,0.020022003718155844,94.80768415054153,150,0.020022003718155844,95.23970594650115
120,0.021461411978584036,95.5951006878015,130,0.021461411978584036,93.5447478250262,140,0.021461411978584036,95.08912631012728,150,0.021461411978584036,95.77774323823571
120,0.02300430119772918,95.09257027749406,130,0.02300430119772918,94.82074648459734,140,0.02300430119772918,94.28472993481662,150,0.02300430119772918,94.6478776488419
120,0.024658110758226028,94.2236938039263,130,0.024658110758226028,95.2214069269055,140,0.024658110758226028,94.93106736705519,150,0.024658110758226028,94.10049018513902
120,0.026430814869741057,95.28824084776994,130,0.026430814869741057,95.565175436452,140,0.026430814869741057,94.78576450504038,150,0.026430814869741057,95.38149809838879
120,0.02833096101839324,95.68666500909826,130,0.02833096101839324,94.27155799035044,140,0.02833096101839324,95.47626716604985,150,0.02833096101839324,95.14420097847598
120,0.030367711180354574,94.63176538791683,130,0.030367711180354574,95.36311159090832,140,0.030367711180354574,94.83218216491905,150,0.030367711180354574,94.24731974258437
120,0.032550885998350584,95.20167699182126,130,0.032550885998350584,95.95517856764232,140,0.032550885998350584,94.88019318372108,150,0.032550885998350584,93.6798411378915
120,0.034891012134067735,95.41833594300601,130,0.034891012134067735,94.864498696624,140,0.034891012134067735,94.54554569820868,150,0.034891012134067735,95.10827801179326
120,0.03739937302478798,94.43593238687939,130,0.03739937302478798,95.17019314195588,140,0.03739937302478798,95.42055407876258,150,0.03739937302478798,95.50317795930386
120,0.04008806328898465,95.36917431581844,130,0.04008806328898465,95.12823379993718,140,0.04008806328898465,94.42571268889166,150,0.04008806328898465,95.44502954021272
120,0.04297004704320839,95.46952120847133,130,0.04297004704320839,94.79323359944874,140,0.04297004704320839,95.55021931644251,150,0.04297004704320839,94.36454808193062
120,0.04605922041145106,94.79902789653269,130,0.04605922041145106,94.5016036961034,140,0.04605922041145106,94.18876531475946,150,0.04605922041145106,95.98185391015775
120,0.049370478528390035,95.44095882047216,130,0.049370478528390035,95.52423812841138,140,0.049370478528390035,94.80146935931867,150,0.049370478528390035,94.9642296816812
120,0.05291978735958442,95.6641597744031,130,0.05291978735958442,95.08715426127088,140,0.05291978735958442,95.48108402656462,150,0.05291978735958442,94.31322822621365
120,0.05672426068491978,94.66750453436688,130,0.05672426068491978,95.48151899436887,140,0.05672426068491978,94.0889601497153,150,0.05672426068491978,94.800471882984
120,0.06080224261649421,95.5666071290988,130,0.06080224261649421,95.23445088795862,140,0.06080224261649421,95.52467195751211,150,0.06080224261649421,94.13084374269928
120,0.06517339604882423,96.22077150605499,130,0.06517339604882423,95.27271758942958,140,0.06517339604882423,95.07800095105084,150,0.06517339604882423,94.51383153408334
120,0.0698587974678525,94.14967746838981,130,0.0698587974678525,95.83507753995717,140,0.0698587974678525,94.71359808040873,150,0.0698587974678525,95.14571857558795
120,0.07488103857590023,94.95230949116112,130,0.07488103857590023,94.28207275320435,140,0.07488103857590023,94.8104920778417,150,0.07488103857590023,94.5926024531531
120,0.08026433522257174,95.21905916108851,130,0.08026433522257174,94.48173798508061,140,0.08026433522257174,94.62658110291203,150,0.08026433522257174,93.6546308683316
120,0.086034644166845,95.78800331321486,130,0.086034644166845,94.24722919608492,140,0.086034644166845,94.71253003580487,150,0.086034644166845,94.10552076347597
120,0.09221978823334327,94.8579241631932,130,0.09221978823334327,94.64857764088495,140,0.09221978823334327,94.04472631841377,150,0.09221978823334327,94.25248274191681
120,0.09884959046625587,94.96933015429296,130,0.09884959046625587,94.5038127467004,140,0.09884959046625587,94.91220191427507,150,0.09884959046625587,94.18120570371185
120,0.10595601792776159,94.62295110956553,130,0.10595601792776159,95.23661815214591,140,0.10595601792776159,94.94587736536384,150,0.10595601792776159,93.47808421631419
120,0.11357333583431052,95.56814185998655,130,0.11357333583431052,95.29844376558832,140,0.11357333583431052,94.34144258114038,150,0.11357333583431052,94.25621708360555
120,0.12173827277396614,94.53382091917956,130,0.12173827277396614,94.71918235200555,140,0.12173827277396614,95.64677264484226,150,0.12173827277396614,94.26979864933493
120,0.13049019780144022,96.2273540215904,130,0.13049019780144022,95.25233213887793,140,0.13049019780144022,94.34849172245957,150,0.13049019780144022,94.72909718192642
120,0.1398713102647238,94.85873362399987,130,0.1398713102647238,95.79835437969415,140,0.1398713102647238,95.54884282178628,150,0.1398713102647238,94.66099834714592
120,0.14992684327860456,94.81799594517693,130,0.14992684327860456,94.38722153742096,140,0.14992684327860456,95.2379703347609,150,0.14992684327860456,94.30914818982157
120,0.16070528182616384,94.88740934068788,130,0.16070528182616384,93.85241574315236,140,0.16070528182616384,95.34017807972423,150,0.16070528182616384,93.84457612942974
120,0.17225859653987866,94.90143943067326,130,0.17225859653987866,95.73788542272962,140,0.17225859653987866,95.4528623588621,150,0.17225859653987866,95.23317678176195
120,0.18464249428955434,95.77189785275749,130,0.18464249428955434,94.5347253291319,140,0.18464249428955434,94.011311211137,150,0.18464249428955434,94.17484144080734
120,0.19791668678535562,95.38337096468901,130,0.19791668678535562,95.04636971917787,140,0.19791668678535562,94.60340168803538,150,0.19791668678535562,94.42368857634385
120,0.21214517849106299,94.72224958637119,130,0.21214517849106299,95.1157087870207,140,0.21214517849106299,94.4847121860655,150,0.21214517849106299,93.67032570600826
120,0.22739657523579276,94.40921928231289,130,0.22739657523579276,94.89687027936917,140,0.22739657523579276,94.27015575465653,150,0.22739657523579276,96.11636137307198
120,0.24374441501222205,95.25761729433857,130,0.24374441501222205,95.20383893898381,140,0.24374441501222205,95.52265852584343,150,0.24374441501222205,94.50998738874522
120,0.2612675225563328,95.22027909494103,130,0.2612675225563328,94.8576486351468,140,0.2612675225563328,95.34856025777277,150,0.2612675225563328,93.80854120821404
120,0.2800503894183631,95.23980275743355,130,0.2800503894183631,95.12796890329054,140,0.2800503894183631,94.6133920567428,150,0.2800503894183631,93.78371546398593
120,0.3001835813575589,94.99566265762274,130,0.3001835813575589,94.79027024914608,140,0.3001835813575589,95.25784434837632,150,0.3001835813575589,94.33148161946505
120,0.32176417502507354,95.35943800493862,130,0.32176417502507354,94.26686661329128,140,0.32176417502507354,94.46810460730454,150,0.32176417502507354,94.83393417381436
120,0.3448962260405758,94.65979699139142,130,0.3448962260405758,95.06537917425067,140,0.3448962260405758,94.49551211961071,150,0.3448962260405758,93.91127349189998
120,0.36969127071950264,95.50115410970315,130,0.36969127071950264,95.14868487300272,140,0.36969127071950264,94.80983858758758,150,0.36969127071950264,94.4520197544202
120,0.3962688638701478,94.97294694123424,130,0.3962688638701478,94.27190163287128,140,0.3962688638701478,93.79878710780831,150,0.3962688638701478,94.1118122106442
120,0.42475715525368984,95.46536320261066,130,0.42475715525368984,95.82243208293117,140,0.42475715525368984,95.51920389132263,150,0.42475715525368984,94.3876198182836
120,0.4552935074866948,94.35416244749817,130,0.4552935074866948,94.97042807790442,140,0.4552935074866948,94.69512116176678,150,0.4552935074866948,93.84492244142429
120,0.48802515836544313,95.56261505680122,130,0.48802515836544313,94.67440775193765,140,0.48802515836544313,94.79546566647734,150,0.48802515836544313,94.25282924612645
120,0.5231099308056261,95.74052237523739,130,0.5231099308056261,94.68412535500181,140,0.5231099308056261,95.10368071380219,150,0.5231099308056261,93.63065065185661
120,0.5607169938205459,94.602825152909,130,0.5607169938205459,95.33664164723984,140,0.5607169938205459,95.11931593469734,150,0.5607169938205459,93.21459910635511
120,0.6010276782070382,95.04597500870898,130,0.6010276782070382,94.84328647341573,140,0.6010276782070382,94.73095404716024,150,0.6010276782070382,93.66498701900937
120,0.644236350872137,95.34257660098045,130,0.644236350872137,94.85582411985538,140,0.644236350872137,94.9902295141062,150,0.644236350872137,92.89360086030091
120,0.6905513520162327,94.02820835046671,130,0.6905513520162327,95.00709751278167,140,0.6905513520162327,94.76709750591851,150,0.6905513520162327,93.28801877040877
120,0.7401959996915641,95.05727310039863,130,0.7401959996915641,94.2822077699729,140,0.7401959996915641,95.86583886917579,150,0.7401959996915641,94.83634990125809
120,0.7934096665797492,95.33192473743752,130,0.7934096665797492,94.58847502319642,140,0.7934096665797492,94.82837181514454,150,0.7934096665797492,92.93608137655046
120,0.8504489341802677,94.01613503383007,130,0.8504489341802677,94.76881648142108,140,0.8504489341802677,95.27250830144612,150,0.8504489341802677,93.14302372953223
120,0.9115888299750818,94.94749246753436,130,0.9115888299750818,95.10612502186103,140,0.9115888299750818,94.98874861519404,150,0.9115888299750818,93.37308019136876
120,0.9771241535346497,94.73357603354788,130,0.9771241535346497,94.40310243311313,140,0.9771241535346497,94.46616869807374,150,0.9771241535346497,92.14665432362423
120,1.0473708979594498,94.74829983573939,130,1.0473708979594498,95.74746465567824,140,1.0473708979594498,94.55489904592875,150,1.0473708979594498,92.6394446038392
120,1.1226677735108135,94.62661646395361,130,1.1226677735108135,94.37024233513918,140,1.1226677735108135,94.93605197734396,150,1.1226677735108135,92.19471263117744
120,1.2033778407775892,95.24745395779554,130,1.2033778407775892,94.76193059989754,140,1.2033778407775892,95.08690325606649,150,1.2033778407775892,92.72022432222343
120,1.289890261253308,95.35632919399247,130,1.289890261253308,95.42882072213598,140,1.289890261253308,94.52629640590891,150,1.289890261253308,92.92522638862765
120,1.382622173764655,94.75158423011773,130,1.382622173764655,94.59604592435922,140,1.382622173764655,94.96786338364956,150,1.382622173764655,92.51254226245142
120,1.4820207057988586,95.70389576600606,130,1.4820207057988586,94.93052505748554,140,1.4820207057988586,93.72873261182474,150,1.4820207057988586,91.7225445328294
120,1.5885651294280527,94.67853241969925,130,1.5885651294280527,95.56570088973724,140,1.5885651294280527,94.90994749956329,150,1.5885651294280527,91.83517565553228
120,1.7027691722258995,95.47927494360925,130,1.7027691722258995,94.6525318371268,140,1.7027691722258995,94.39473902426373,150,1.7027691722258995,92.19551153075824
120,1.8251834943190424,95.13914465896964,130,1.8251834943190424,94.98366817870064,140,1.8251834943190424,94.6496479257482,150,1.8251834943190424,91.58949262014566
120,1.9563983435170629,95.517399079019,130,1.9563983435170629,95.22261769881077,140,1.9563983435170629,94.74581204435596,150,1.9563983435170629,90.99243185298917
120,2.0970464013232326,94.80887800911523,130,2.0970464013232326,95.18137846638226,140,2.0970464013232326,93.63093092296813,150,2.0970464013232326,91.85823116794471
120,2.247805833548725,94.13367449570327,130,2.247805833548725,94.36699914288778,140,2.247805833548725,94.462178093702,150,2.247805833548725,90.65916503779621
120,2.4094035602395243,95.25666056527852,130,2.4094035602395243,94.93703623304006,140,2.4094035602395243,94.9765024293215,150,2.4094035602395243,91.38142712928978
120,2.5826187606826747,94.45442866970237,130,2.5826187606826747,94.88093052430564,140,2.5826187606826747,93.86667029273251,150,2.5826187606826747,89.05230760371965
120,2.7682866303920637,94.32051987606582,130,2.7682866303920637,94.45405688701241,140,2.7682866303920637,93.74513775634796,150,2.7682866303920637,90.05366067848487
120,2.9673024081888695,94.04942687887463,130,2.9673024081888695,95.19482236548116,140,2.9673024081888695,93.90954705314945,150,2.9673024081888695,90.49633220470675
120,3.180625692794119,95.4358489115037,130,3.180625692794119,95.45184701108565,140,3.180625692794119,94.71478004298793,150,3.180625692794119,90.02115634576865
120,3.409285069746811,95.13387898381845,130,3.409285069746811,94.02961290686248,140,3.409285069746811,94.1010023589466,150,3.409285069746811,89.43660904752196
120,3.6543830709572545,94.67341050818722,130,3.6543830709572545,94.50381768843027,140,3.6543830709572545,93.848073709029,150,3.6543830709572545,88.62465239325182
120,3.9171014908092565,95.19468768723944,130,3.9171014908092565,94.08910115600857,140,3.9171014908092565,94.36619271294332,150,3.9171014908092565,88.33151365985135
120,4.19870708444391,95.48214107993206,130,4.19870708444391,94.51363862179666,140,4.19870708444391,94.18708046202806,150,4.19870708444391,87.60358437196408
120,4.500557675700498,95.10450237266758,130,4.500557675700498,94.70187751106684,140,4.500557675700498,93.59155523881606,150,4.500557675700498,88.60028019304686
120,4.8241087041653685,94.63126457997978,130,4.8241087041653685,95.4880762931194,140,4.8241087041653685,94.16672510753908,150,4.8241087041653685,86.65855132492482
120,5.170920242896756,95.40625887914604,130,5.170920242896756,94.9578960780697,140,5.170920242896756,93.75072095882501,150,5.170920242896756,85.97956609680514
120,5.542664520663101,96.34694907909065,130,5.542664520663101,94.82188585625269,140,5.542664520663101,93.04378173587078,150,5.542664520663101,87.05178061604425
120,5.941133984965034,94.05174078408972,130,5.941133984965034,94.38033038662437,140,5.941133984965034,93.4299319926294,150,5.941133984965034,86.03959530329077
120,6.3682499447185865,94.00606224337677,130,6.3682499447185865,93.92130471276155,140,6.3682499447185865,93.87757223800563,150,6.3682499447185865,86.03579424918894
120,6.826071834272386,95.69348003448347,130,6.826071834272386,95.24437089136717,140,6.826071834272386,93.31200942126816,150,6.826071834272386,85.11413157652808
120,7.316807143427193,95.54963932741093,130,7.316807143427193,94.03729006454566,140,7.316807143427193,92.8662434218227,150,7.316807143427193,84.62588434086658
120,7.842822061337682,94.78333192348475,130,7.842822061337682,94.81308418613152,140,7.842822061337682,93.75596782197533,150,7.842822061337682,84.3063252970622
120,8.406652885618325,95.21327455945402,130,8.406652885618325,94.21296302430626,140,8.406652885618325,92.85838095362948,150,8.406652885618325,83.19024327135874
120,9.01101825166502,95.25099149386695,130,9.01101825166502,93.8145186039543,140,9.01101825166502,92.38778622858047,150,9.01101825166502,82.33843606079044
120,9.658832241158699,94.8195610008024,130,9.658832241158699,94.68292394514613,140,9.658832241158699,93.51297073710808,150,9.658832241158699,82.00136254706813
120,10.353218432956616,94.46688518164238,130,10.353218432956616,94.4989635721329,140,10.353218432956616,93.00902242699406,150,10.353218432956616,81.48334452756559
120,11.097524964120721,95.31241041754525,130,11.097524964120721,94.72177725261265,140,11.097524964120721,91.96938991246644,150,11.097524964120721,80.86256910019246
120,11.895340673703195,95.21374563650076,130,11.895340673703195,93.89114028732324,140,11.895340673703195,92.88098222427085,150,11.895340673703195,80.66980002877723
120,12.75051240713013,94.69527744347526,130,12.75051240713013,95.1771325343488,140,12.75051240713013,93.08657185106685,150,12.75051240713013,78.90511147781852
120,13.66716356462006,94.99562805321816,130,13.66716356462006,95.18553471392673,140,13.66716356462006,92.85538071913557,150,13.66716356462006,78.7567021686137
120,14.649713983072848,94.67480875708502,130,14.649713983072848,95.07653487183538,140,14.649713983072848,91.46288967667066,150,14.649713983072848,77.91344866518372
120,15.702901247293775,94.8444986500535,130,15.702901247293775,94.57147709724062,140,15.702901247293775,92.18570737679849,150,15.702901247293775,76.84344450900036
120,16.831803533309568,94.77050582817526,130,16.831803533309568,94.79637646419071,140,16.831803533309568,92.49560731171064,150,16.831803533309568,75.29454338073853
120,18.04186409392072,94.82307316764404,130,18.04186409392072,94.06482010164893,140,18.04186409392072,91.94353878256699,150,18.04186409392072,74.1393176479408
120,19.338917504552303,94.72325464299426,130,19.338917504552303,93.74729049600757,140,19.338917504552303,90.71692005410482,150,19.338917504552303,73.1214107380263
120,20.729217795953698,94.8821587322651,130,20.729217795953698,94.1490041351712,140,20.729217795953698,90.75109029007704,150,20.729217795953698,72.79308766835152
120,22.21946860939524,94.57302136635089,130,22.21946860939524,94.29792623247158,140,22.21946860939524,90.91548575901248,150,22.21946860939524,70.82542494762775
120,23.81685551976158,95.70546330027861,130,23.81685551976158,94.91102976060574,140,23.81685551976158,91.2919501862649,150,23.81685551976158,70.30918238992582
120,25.529080682395165,95.21315206702253,130,25.529080682395165,93.75123347372782,140,25.529080682395165,90.36907833917358,150,25.529080682395165,69.55224154156058
120,27.364399970746693,94.61531794373771,130,27.364399970746693,94.53722079646413,140,27.364399970746693,91.03425700600005,150,27.364399970746693,68.2834474516178
120,29.331662783900423,94.74099633416503,130,29.331662783900423,93.9106720450516,140,29.331662783900423,89.97586392522878,150,29.331662783900423,66.95836658416394
120,31.440354715915,95.1587333920752,130,31.440354715915,93.23401145859874,140,31.440354715915,89.24252584679633,150,31.440354715915,65.05982107429847
120,33.700643292719285,95.21631757563867,130,33.700643292719285,93.92256763161532,140,33.700643292719285,88.92018548641556,150,33.700643292719285,64.24166427357571
120,36.123426997094306,95.31789076622512,130,36.123426997094306,94.43176350379035,140,36.123426997094306,89.20596890294948,150,36.123426997094306,62.10645160993106
120,38.72038781812553,94.62154476933148,130,38.72038781812553,93.75691096897569,140,38.72038781812553,87.46341241813387,150,38.72038781812553,61.9180435587674
120,41.504047578504725,94.15455657415242,130,41.504047578504725,94.12221198385788,140,41.504047578504725,88.785098266947,150,41.504047578504725,59.8815521464001
120,44.487828311275855,95.11909538292979,130,44.487828311275855,93.92051752670932,140,44.487828311275855,87.07562922856772,150,44.487828311275855,57.978580989205
120,47.68611697714469,94.82923939444541,130,47.68611697714469,94.08690657378706,140,47.68611697714469,88.17640713506675,150,47.68611697714469,57.25238776412795
120,51.11433483440165,95.21609264605856,130,51.11433483440165,93.77493781887125,140,51.11433483440165,87.64455343640219,150,51.11433483440165,55.73086757503
120,54.789011795939395,95.33054770962258,130,54.789011795939395,94.1225658148828,140,54.789011795939395,87.17059951510713,150,54.789011795939395,54.070006898369236
120,58.72786613189477,94.7193862618212,130,58.72786613189477,93.71345969902777,140,58.72786613189477,86.21518645383256,150,58.72786613189477,51.40290397264648
120,62.94988990221888,94.81221518576103,130,62.94988990221888,93.43657623030101,140,62.94988990221888,85.24536580544805,150,62.94988990221888,50.13501025853804
120,67.47544053110693,94.88802866048113,130,67.47544053110693,94.0970779115292,140,67.47544053110693,85.3924368934866,150,67.47544053110693,48.86547194900469
120,72.32633896483533,94.70136120960187,130,72.32633896483533,93.32338204583955,140,72.32633896483533,84.44560040931101,150,72.32633896483533,46.155885825467074
120,77.52597488629456,94.42388318192062,130,77.52597488629456,92.69636816800222,140,77.52597488629456,84.72938964599757,150,77.52597488629456,45.49260789612383
120,83.09941949353387,94.47174810732662,130,83.09941949353387,93.56855046146988,140,83.09941949353387,83.75968935451044,150,83.09941949353387,42.26140187455284
120,89.0735463861044,93.62798436243915,130,89.0735463861044,92.54488794732852,140,89.0735463861044,82.94040190808809,150,89.0735463861044,41.068511073854374
120,95.47716114208056,94.18979235840669,130,95.47716114208056,92.4827669764312,140,95.47716114208056,82.99220594076009,150,95.47716114208056,39.49056625175244
120,102.34114021054528,94.98735022513533,130,102.34114021054528,92.73332496210665,140,102.34114021054528,81.08824183297669,150,102.34114021054528,38.016218380914054
120,109.69857978923841,95.33125154442585,130,109.69857978923841,92.68826636919239,140,109.69857978923841,82.27137893574245,150,109.69857978923841,35.74278521699472
120,117.58495540521558,94.35746078305992,130,117.58495540521558,91.81230622576548,140,117.58495540521558,79.36444503448362,150,117.58495540521558,33.8806179188651
120,126.03829296797274,93.68644087849562,130,126.03829296797274,91.50055835911368,140,126.03829296797274,79.66078542173783,150,126.03829296797274,31.66157733083075
120,135.09935211980252,94.61850307315488,130,135.09935211980252,92.63084471349859,140,135.09935211980252,78.02563501726706,150,135.09935211980252,29.86097588524735
120,144.8118227674533,94.77953238286617,130,144.8118227674533,91.8692571835508,140,144.8118227674533,77.90687378464668,150,144.8118227674533,29.332997378191738
120,155.2225357427048,94.62659603860017,130,155.2225357427048,91.94285618526324,140,155.2225357427048,77.57991832651989,150,155.2225357427048,26.89780414584508
120,166.38168860761274,94.59717356574603,130,166.38168860761274,90.7324921315467,140,166.38168860761274,75.57682028575688,150,166.38168860761274,25.003480940678426
120,178.34308769319094,94.0122025194228,130,178.34308769319094,91.94684341590632,140,178.34308769319094,75.15289048722883,150,178.34308769319094,23.609252314213496
120,191.16440753856998,94.6831790681098,130,191.16440753856998,91.22288589954567,140,191.16440753856998,74.45054661786665,150,191.16440753856998,21.081374550247332
120,204.9074689815846,95.08066515135332,130,204.9074689815846,91.67793464820252,140,204.9074689815846,72.93554491914495,150,204.9074689815846,19.98901275810244
120,219.6385372416547,94.57261978018879,130,219.6385372416547,90.39301843956287,140,219.6385372416547,72.19454595183538,150,219.6385372416547,18.290243126968438
120,235.42864143224153,94.45616500442559,130,235.42864143224153,90.85759725799743,140,235.42864143224153,70.73709159318446,150,235.42864143224153,17.542011086345262
120,252.3539170434766,94.13084238202242,130,252.3539170434766,90.74663031338831,140,252.3539170434766,69.39717523418423,150,252.3539170434766,15.446622546166921
120,270.49597304631317,93.43488024161454,130,270.49597304631317,89.61284526051226,140,270.49597304631317,68.86129251738498,150,270.49597304631317,14.371413037404743
120,289.94228538828753,93.5044523449678,130,289.94228538828753,88.89991310478086,140,289.94228538828753,67.3383867825461,150,289.94228538828753,13.874317641806707
120,310.7866187782014,93.70605117201463,130,310.7866187782014,90.37863274532548,140,310.7866187782014,66.06819447997245,150,310.7866187782014,12.47780066263076
120,333.129478793467,94.23790215588056,130,333.129478793467,89.09025421027536,140,333.129478793467,63.610525241949865,150,333.129478793467,11.971038660320117
120,357.07859649004627,93.53941552069162,130,357.07859649004627,89.31314027359359,140,357.07859649004627,63.34063891840452,150,357.07859649004627,10.92379572765847
120,382.74944785163075,93.73627063478509,130,382.74944785163075,89.19412504875561,140,382.74944785163075,61.842045348262154,150,382.74944785163075,9.750984460515934
120,410.26581058271904,92.85861951146241,130,410.26581058271904,87.8348732170209,140,410.26581058271904,60.17255252447542,150,410.26581058271904,9.318325923880364
120,439.7603609302721,93.58429433140164,130,439.7603609302721,87.67468413075665,140,439.7603609302721,58.89541579696609,150,439.7603609302721,8.538776933826279
120,471.3753134116719,93.50799219803841,130,471.3753134116719,87.90168213847535,140,471.3753134116719,57.49686619082128,150,471.3753134116719,7.256786655635674
120,505.26310653356796,93.43416510163499,130,505.26310653356796,87.37845042901662,140,505.26310653356796,55.92910212771718,150,505.26310653356796,7.827314101643798
120,541.5871378079465,93.7490258366323,130,541.5871378079465,86.60007018433897,140,541.5871378079465,54.32166984390396,150,541.5871378079465,6.584735375622147
120,580.5225516094896,94.01937200926206,130,580.5225516094896,85.99310087849335,140,580.5225516094896,52.665196170622906,150,580.5225516094896,6.061355425262069
120,622.2570836730231,93.46619578872739,130,622.2570836730231,85.62446102424637,140,622.2570836730231,50.17970590654121,150,622.2570836730231,7.338091490725697
120,666.9919663030115,92.48331975862023,130,666.9919663030115,85.80298600416072,140,666.9919663030115,47.2690403508855,150,666.9919663030115,6.078916305388416
120,714.9428986597577,94.47574541720215,130,714.9428986597577,85.32393526351257,140,714.9428986597577,46.778374924621076,150,714.9428986597577,5.160137283972196
120,766.3410868007447,94.07699475258954,130,766.3410868007447,84.53353145745372,140,766.3410868007447,45.4734161428145,150,766.3410868007447,4.82466959728017
120,821.4343584919421,93.3231273964862,130,821.4343584919421,84.48193545216553,140,821.4343584919421,42.75739296394613,150,821.4343584919421,5.553836518332551
120,880.4883581643464,93.38703513920812,130,880.4883581643464,83.24939258889165,140,880.4883581643464,41.70006470172354,150,880.4883581643464,5.0174622913875595
120,943.7878277775371,93.21230621813646,130,943.7878277775371,82.09119672896811,140,943.7878277775371,39.9966543611486,150,943.7878277775371,4.483168426685041
120,1011.6379797662071,92.7193471130569,130,1011.6379797662071,81.14574803879091,140,1011.6379797662071,38.073638066478324,150,1011.6379797662071,4.743767738442418
120,1084.3659686896087,92.85486015831414,130,1084.3659686896087,81.21627458329785,140,1084.3659686896087,36.34535168619519,150,1084.3659686896087,5.39925883045984
120,1162.322468679852,92.98063383960286,130,1162.322468679852,79.94853113609831,140,1162.322468679852,33.34374236088815,150,1162.322468679852,5.173909089132869
120,1245.883364295008,92.49305552328948,130,1245.883364295008,79.18573597724121,140,1245.883364295008,32.97225496697789,150,1245.883364295008,4.1623688856135255
120,1335.4515629298974,91.6915518929243,130,1335.4515629298974,79.06519761793922,140,1335.4515629298974,30.443212125847147,150,1335.4515629298974,4.94206723719965
120,1431.4589375234787,91.59180395997772,130,1431.4589375234787,78.31653618593239,140,1431.4589375234787,28.153996299062918,150,1431.4589375234787,4.857698606995468
120,1534.36840893001,92.2604638003121,130,1534.36840893001,76.75295367142677,140,1534.36840893001,26.37695524419552,150,1534.36840893001,5.428059944513694
120,1644.6761779946628,91.46498289807658,130,1644.6761779946628,75.6647014641899,140,1644.6761779946628,25.152611167091187,150,1644.6761779946628,4.471597480883724
120,1762.914118095948,91.83507851372808,130,1762.914118095948,75.47836960601649,140,1762.914118095948,23.33002345835852,150,1762.914118095948,5.098598903828519
120,1889.6523396912078,90.45349995958324,130,1889.6523396912078,73.69997369154667,140,1889.6523396912078,21.712925097617582,150,1889.6523396912078,5.122264865489464
120,2025.5019392306665,90.68981201611098,130,2025.5019392306665,73.24587945220473,140,2025.5019392306665,20.777185597350435,150,2025.5019392306665,4.4081491010321425
120,2171.117945694501,90.83812704201246,130,2171.117945694501,71.9029198403675,140,2171.117945694501,20.125403905814636,150,2171.117945694501,5.353960761802927
120,2327.2024789604075,90.73412274728763,130,2327.2024789604075,70.75319308628723,140,2327.2024789604075,18.33351045042221,150,2327.2024789604075,5.103697772242813
120,2494.5081352303164,90.58440748966939,130,2494.5081352303164,70.27225277566232,140,2494.5081352303164,15.952590891311072,150,2494.5081352303164,4.890591665087499
120,2673.841615839944,90.25084927393301,130,2673.841615839944,67.91669806431509,140,2673.841615839944,14.280002413463583,150,2673.841615839944,5.067829614412074
120,2866.0676169482504,89.77698339793604,130,2866.0676169482504,67.3861652410569,140,2866.0676169482504,14.194084780010893,150,2866.0676169482504,5.3622453251037765
120,3072.1129988617527,90.1598553723202,130,3072.1129988617527,65.75587620325203,140,3072.1129988617527,12.270221782295208,150,3072.1129988617527,4.59335449972445
120,3292.971255097148,89.19166468144485,130,3292.971255097148,63.62995751979573,140,3292.971255097148,11.672713349012126,150,3292.971255097148,4.4490811027324755
120,3529.70730273065,89.15028399173028,130,3529.70730273065,62.64780495724692,140,3529.70730273065,11.29953679700747,150,3529.70730273065,4.272418354108924
120,3783.462617131925,88.1829903506822,130,3783.462617131925,61.87820806612737,140,3783.462617131925,10.27626793676275,150,3783.462617131925,4.411334655008245
120,4055.4607358408275,88.84346688772426,130,4055.4607358408275,60.54231804160295,140,4055.4607358408275,8.618919486971983,150,4055.4607358408275,5.333068140495403
120,4347.013158125017,88.15590158125572,130,4347.013158125017,58.15178239065983,140,4347.013158125017,8.15993702113433,150,4347.013158125017,6.050356916220759
120,4659.525668664677,87.57331025607687,130,4659.525668664677,57.1233749824587,140,4659.525668664677,8.20348623822434,150,4659.525668664677,5.642781963325942
120,4994.50511585514,87.00234540810548,130,4994.50511585514,55.769134934977124,140,4994.50511585514,7.0272163159070296,150,4994.50511585514,5.238049607037794
120,5353.5666774107185,86.68312591887339,130,5353.5666774107185,53.5916348889537,140,5353.5666774107185,7.3838469505166,150,5353.5666774107185,4.725846661012515
120,5738.441648302392,87.19589923330693,130,5738.441648302392,52.20232252606516,140,5738.441648302392,6.365506243010281,150,5738.441648302392,4.705220363040845
120,6150.985788580504,85.68237101071074,130,6150.985788580504,50.752868457694525,140,6150.985788580504,6.324043168862879,150,6150.985788580504,4.772407857356085
120,6593.188271333542,85.59707981846887,130,6593.188271333542,48.870268812128806,140,6593.188271333542,5.638085857857245,150,6593.188271333542,5.454659426317962
120,7067.181273927491,85.35782288512354,130,7067.181273927491,47.58389166995706,140,7067.181273927491,5.633489995115677,150,7067.181273927491,5.226041452265139
120,7575.250258771905,84.62629154776836,130,7575.250258771905,45.28591825518147,140,7575.250258771905,5.290452682990811,150,7575.250258771905,4.871825867163116
120,8119.844993184009,83.4682114438843,130,8119.844993184009,44.70033002510315,140,8119.844993184009,4.444695804615286,150,8119.844993184009,4.46428854662826
120,8703.591361485165,82.72735473928525,130,8703.591361485165,41.32242553104323,140,8703.591361485165,4.6830006671201945,150,8703.591361485165,3.454820903548021
120,9329.304026284677,81.74083592590586,130,9329.304026284677,41.060385454709284,140,9329.304026284677,4.505669781178843,150,9329.304026284677,5.714253791488195
120,10000.0,81.46547355750016,130,10000.0,38.42833406867629,140,10000.0,4.104277747043625,150,10000.0,5.0850331184264626
